name,country,matches,innings,no,runs,highest,average,balls,strikerate,hunderd,fifty,duck,year
SR Tendulkar,INDIA,34,33,4,1894,143,65.31,1854,102.15,9,7,0,1998
SC Ganguly,INDIA,41,41,3,1767,183,46.5,2325,76,4,10,1,1999
R Dravid,INDIA,43,43,5,1761,153,46.34,2343,75.16,6,8,3,1999
SR Tendulkar,INDIA,32,32,2,1611,137,53.7,1954,82.44,6,9,0,1996
ML Hayden,AUS,32,30,3,1601,181*,59.29,1795,89.19,5,6,1,2007
Saeed Anwar,PAK,36,36,5,1595,115,51.45,1742,91.56,3,10,0,1996
SC Ganguly,INDIA,32,32,4,1579,144,56.39,1908,82.75,7,6,0,2000
MJ Guptill,NZ,32,32,5,1489,237*,55.14,1542,96.56,4,8,3,2015
ME Waugh,AUS,36,36,3,1468,106,44.48,1942,75.59,2,11,1,1999
G Kirsten,SA,36,36,3,1467,115,44.45,2004,73.2,2,13,1,2000
V Kohli,INDIA,26,26,7,1460,131,76.84,1473,99.11,6,7,2,2017
G Kirsten,SA,29,29,4,1442,188*,57.68,1724,83.64,6,4,1,1996
SR Tendulkar,INDIA,33,32,2,1425,100*,47.5,1665,85.58,1,13,3,2007
RT Ponting,AUS,27,24,6,1424,134*,79.11,1553,91.69,5,8,0,2007
DA Warner,AUS,23,23,1,1388,173,63.09,1316,105.47,7,4,0,2016
V Kohli,INDIA,34,34,5,1381,117,47.62,1614,85.56,4,8,2,2011
KS Williamson,NZ,27,26,2,1376,118,57.33,1531,89.87,3,9,0,2015
Misbah-ul-Haq,PAK,34,32,7,1373,96*,54.92,1867,73.54,0,15,1,2013
Mohammad Yousuf,PAK,32,30,5,1362,141*,54.48,1604,84.91,5,6,2,2002
BC Lara,WI,30,30,3,1349,153,49.96,1865,72.33,4,7,1,1993
SC Ganguly,INDIA,38,35,3,1338,113,41.81,1919,69.72,1,10,3,1997
KC Sangakkara,SL,36,33,3,1333,109,44.43,1682,79.25,1,12,1,2006
SC Ganguly,INDIA,36,35,3,1328,124,41.5,1903,69.78,4,7,1,1998
SR Tendulkar,INDIA,34,34,0,1328,146,39.05,1624,81.77,3,6,0,2000
IJL Trott,ENG,29,28,3,1315,137,52.6,1643,80.03,2,10,1,2011
HH Gibbs,SA,37,37,3,1310,153,38.52,1483,88.33,5,3,8,2002
Mohammad Hafeez,PAK,33,33,5,1301,140*,46.46,1542,84.37,5,4,1,2013
JH Kallis,SA,39,38,9,1300,98*,44.82,1952,66.59,0,11,3,2000
RG Sharma,INDIA,21,21,3,1293,208*,71.83,1300,99.46,6,5,1,2017
Yuvraj Singh,INDIA,36,33,5,1287,121,45.96,1438,89.49,1,9,1,2007
Ijaz Ahmed,PAK,38,36,5,1281,117,41.32,1638,78.2,1,9,2,1996
M Azharuddin,INDIA,37,33,4,1268,153*,43.72,1656,76.57,3,8,2,1998
V Kohli,INDIA,34,30,6,1268,115*,52.83,1300,97.53,4,7,3,2013
DPMD Jayawardene,SL,34,31,4,1260,116,46.66,1538,81.92,3,7,2,2001
KC Sangakkara,SL,28,28,1,1256,128,46.51,1432,87.7,4,8,2,2014
AD Mathews,SL,32,31,11,1244,139*,62.2,1391,89.43,1,9,0,2014
AC Gilchrist,AUS,37,37,0,1241,154,33.54,1393,89.08,2,6,2,1999
SC Ganguly,INDIA,32,30,2,1240,98,44.28,1698,73.02,0,12,2,2007
CH Gayle,WI,32,32,3,1217,133*,41.96,1452,83.81,4,4,5,2006
PA de Silva,SL,28,27,4,1212,134,52.69,1403,86.38,3,8,1,1997
AB de Villiers,SA,33,32,5,1209,146,44.77,1310,92.29,3,8,5,2007
TM Dilshan,SL,25,24,1,1207,161*,52.47,1330,90.75,4,6,2,2015
JH Kallis,SA,33,32,5,1204,104*,44.59,1597,75.39,1,10,0,2002
ST Jayasuriya,SL,33,33,1,1202,107,37.56,1444,83.24,2,8,3,2001
V Kohli,INDIA,14,14,5,1202,160*,133.55,1172,102.55,6,3,0,2018
KC Sangakkara,SL,25,23,4,1201,169,63.21,1341,89.56,2,10,3,2013
MS Dhoni,INDIA,29,24,7,1198,124,70.47,1400,85.57,2,9,0,2009
RT Ponting,AUS,29,29,1,1198,126,42.78,1477,81.11,2,9,0,2009
RG Sharma,INDIA,28,27,4,1196,209,52,1480,80.81,2,8,0,2013
AB de Villiers,SA,20,18,3,1193,162*,79.53,865,137.91,5,5,0,2015
MS Atapattu,SL,32,32,3,1192,123*,41.1,1675,71.16,2,8,0,2002
RT Ponting,AUS,29,28,2,1191,141*,45.8,1417,84.05,3,8,2,2005
PA de Silva,SL,30,29,5,1188,145,49.5,1295,91.73,4,5,2,1996
DPMD Jayawardene,SL,36,34,5,1185,126*,40.86,1349,87.84,2,8,2,2006
KC Sangakkara,SL,31,29,2,1184,133,43.85,1496,79.14,3,6,0,2012
ST Jayasuriya,SL,26,26,3,1178,151*,51.21,1037,113.59,3,9,3,1997
DM Jones,AUS,22,22,5,1174,145,69.05,1489,78.84,4,7,1,1990
Younis Khan,PAK,36,34,6,1173,90,41.89,1504,77.99,0,12,2,2002
Mohammad Yousuf,PAK,33,31,4,1168,106,43.25,1477,79.07,1,11,3,2003
RT Ponting,AUS,24,24,2,1166,145,53,1516,76.91,3,6,0,1998
MEK Hussey,AUS,33,31,7,1166,83*,48.58,1284,90.8,0,11,0,2009
AB de Villiers,SA,27,26,3,1163,128,50.56,1198,97.07,3,7,1,2013
S Dhawan,INDIA,26,25,2,1162,119,50.52,1187,97.89,5,4,1,2013
Mohammad Yousuf,PAK,41,41,5,1161,100*,32.25,1840,63.09,1,7,5,2000
TM Dilshan,SL,25,25,6,1160,125,61.05,1431,81.06,3,7,0,2013
RT Ponting,AUS,34,31,6,1154,140*,46.16,1413,81.67,5,4,0,2003
SPD Smith,AUS,26,25,2,1154,164,50.17,1294,89.18,3,7,2,2016
ST Jayasuriya,SL,26,25,1,1153,157,48.04,1073,107.45,5,2,2,2006
A Jadeja,INDIA,36,34,7,1144,103*,42.37,1484,77.08,2,5,2,1999
SR Tendulkar,INDIA,21,21,1,1141,152,57.05,1306,87.36,3,8,1,2003
SR Watson,AUS,23,22,2,1139,185*,56.95,1046,108.89,2,8,0,2011
WJ Cronje,SA,29,29,3,1133,112,43.57,1640,69.08,2,7,2,1994
V Sehwag,INDIA,30,30,3,1130,126,41.85,1076,105.01,3,5,3,2002
KC Sangakkara,SL,27,25,3,1127,111,51.22,1537,73.32,1,9,0,2011
G Gambhir,INDIA,27,27,3,1119,113,46.62,1236,90.53,3,7,1,2008
TM Dilshan,SL,31,30,3,1119,160*,41.44,1322,84.64,4,3,3,2012
GW Flower,ZIM,33,33,3,1116,142*,37.2,1475,75.66,2,5,3,2001
SC Ganguly,INDIA,32,30,1,1114,117*,38.41,1347,82.7,1,9,2,2002
Inzamam-ul-Haq,PAK,29,28,4,1106,107,46.08,1571,70.4,1,10,1,1999
M Azharuddin,INDIA,36,32,5,1104,111*,40.88,1550,71.22,1,9,0,1997
Ijaz Ahmed,PAK,31,31,2,1104,139*,38.06,1451,76.08,1,8,2,1997
MS Dhoni,INDIA,37,33,8,1103,139*,44.12,1231,89.6,1,7,3,2007
AC Gilchrist,AUS,31,30,1,1098,111,37.86,1083,101.38,1,8,0,2003
GJ Bailey,AUS,22,20,3,1098,156,64.58,1098,100,2,8,1,2013
CH Gayle,WI,23,22,0,1097,140,49.86,1238,88.61,3,7,0,2002
MS Dhoni,INDIA,29,26,7,1097,109*,57.73,1333,82.29,1,8,0,2008
R Dravid,INDIA,30,30,7,1092,104,47.47,1463,74.64,2,9,2,2005
Aamer Sohail,PAK,30,30,1,1090,111,37.58,1664,65.5,2,7,2,1996
SR Tendulkar,INDIA,25,25,2,1089,115,47.34,1229,88.6,3,9,3,1994
DPMD Jayawardene,SL,32,31,2,1089,115*,37.55,1322,82.37,2,8,4,2007
H Masakadza,ZIM,27,27,2,1087,178*,43.48,1234,88.08,3,5,2,2009
MS Atapattu,SL,33,33,5,1084,92,38.71,1646,65.85,0,10,2,2001
SV Carlisle,ZIM,36,36,2,1082,119,31.82,1673,64.67,1,4,3,2001
IR Bell,ENG,33,33,1,1080,126*,33.75,1490,72.48,1,6,2,2007
GC Smith,SA,26,25,2,1079,96,46.91,1171,92.14,0,12,3,2007
ST Jayasuriya,SL,31,31,1,1077,112,35.9,1174,91.73,2,4,2,2002
Mohammad Hafeez,PAK,32,32,3,1075,139*,37.06,1408,76.34,3,5,3,2011
Inzamam-ul-Haq,PAK,34,32,7,1074,121*,42.96,1589,67.58,1,9,2,2000
DC Boon,AUS,26,26,3,1073,98*,46.65,1742,61.59,0,9,0,1994
RG Twose,NZ,25,22,3,1067,103,56.15,1298,82.2,1,9,1,2000
JN Rhodes,SA,33,30,8,1066,107*,48.45,1224,87.09,1,9,4,2002
PD Collingwood,ENG,33,32,6,1064,120*,40.92,1374,77.43,2,5,2,2007
WU Tharanga,SL,26,24,0,1062,120,44.25,1349,78.72,5,4,2,2006
HM Amla,SA,23,23,2,1062,159,50.57,1119,94.9,4,3,0,2015
A Flower,ZIM,33,33,3,1060,142*,35.33,1301,81.47,1,7,1,2001
ME Waugh,AUS,25,25,2,1059,130,46.04,1381,76.68,4,5,2,1996
HM Amla,SA,15,15,1,1058,129,75.57,1015,104.23,5,4,0,2010
V Kohli,INDIA,21,20,2,1054,139*,58.55,1058,99.62,4,5,1,2014
Aamer Sohail,PAK,28,28,1,1053,134,39,1451,72.57,2,6,1,1994
LRPL Taylor,NZ,27,25,7,1046,119*,58.11,1281,81.65,4,4,1,2015
Mohammad Yousuf,PAK,24,24,4,1042,117,52.1,1341,77.7,2,9,0,2007
RT Ponting,AUS,32,32,6,1038,87*,39.92,1539,67.44,0,5,1,1999
ML Hayden,AUS,32,31,5,1037,88,39.88,1316,78.79,0,5,1,2003
DJ Cullinan,SA,24,24,6,1034,124,57.44,1362,75.91,3,5,1,1996
Shahriar Nafees,BDESH,28,28,3,1033,123*,41.32,1468,70.36,3,4,4,2006
DPMD Jayawardene,SL,27,24,2,1032,144,46.9,1249,82.62,3,7,0,2011
RG Sharma,INDIA,19,19,5,1030,162,73.57,1029,100.09,5,3,1,2018
V Kohli,INDIA,17,17,2,1026,183,68.4,1094,93.78,5,3,1,2012
R Dravid,INDIA,31,28,2,1025,104,39.42,1367,74.98,1,10,2,2004
JM Bairstow,ENG,22,22,0,1025,139,46.59,867,118.22,4,2,1,2018
V Sehwag,INDIA,33,33,1,1017,108,31.78,948,107.27,1,3,0,2005
SR Watson,AUS,24,24,4,1013,136*,50.65,1199,84.48,3,3,4,2009
SR Tendulkar,INDIA,39,36,3,1011,117,30.63,1190,84.95,2,5,2,1997
WU Tharanga,SL,25,25,4,1011,119,48.14,1103,91.65,2,6,1,2017
KC Sangakkara,SL,27,23,4,1010,101,53.15,1308,77.21,1,10,0,2004
A Jadeja,INDIA,36,34,13,1004,116*,47.8,1392,72.12,2,6,1,1998
TM Dilshan,SL,19,19,1,1000,160,55.55,969,103.19,4,2,1,2009
V Kohli,INDIA,25,24,3,995,118,47.38,1169,85.11,3,7,3,2010
TM Dilshan,SL,25,25,1,990,101,41.25,1160,85.34,1,7,0,2014
JH Kallis,SA,27,24,7,987,128*,58.05,1278,77.23,1,7,2,2007
GC Smith,SA,22,22,2,984,134*,49.2,1138,86.46,5,2,1,2005
JE Root,ENG,19,18,4,983,133*,70.21,1067,92.12,2,7,0,2017
CH Gayle,WI,21,21,2,981,153*,51.63,1257,78.04,3,6,2,2003
MJ Clarke,AUS,31,26,5,981,130,46.71,1210,81.07,1,7,3,2007
R Dravid,INDIA,31,29,1,980,85,35,1536,63.8,0,9,0,2000
SR Tendulkar,INDIA,21,20,2,972,175,54,1034,94,3,3,0,2009
LRPL Taylor,NZ,20,20,4,968,107,60.5,1182,81.89,2,7,0,2017
EJG Morgan,ENG,25,23,1,967,121,43.95,1031,93.79,2,7,5,2015
AB de Villiers,SA,16,16,4,964,114*,80.33,944,102.11,5,4,0,2010
Misbah-ul-Haq,PAK,31,26,8,964,93*,53.55,1416,68.07,0,9,1,2011
RR Sarwan,WI,28,25,3,963,115*,43.77,1278,75.35,1,8,1,2006
S Chanderpaul,WI,33,31,6,960,150,38.4,1323,72.56,1,4,1,1999
ADR Campbell,ZIM,28,28,3,960,105*,38.4,1369,70.12,1,6,1,2000
S Dhawan,INDIA,22,22,2,960,132*,48,947,101.37,3,6,1,2017
MG Bevan,AUS,25,22,8,959,101*,68.5,1174,81.68,1,8,0,1998
Q de Kock,SA,19,19,1,956,168*,53.11,1008,94.84,2,7,1,2017
ST Jayasuriya,SL,30,29,1,955,134,34.1,849,112.48,2,4,0,1996
MJ Clarke,AUS,27,25,7,954,103*,53,1154,82.66,1,8,1,2005
R Dravid,INDIA,31,26,2,951,107,39.62,1493,63.69,1,8,0,1997
AC Hudson,SA,24,24,1,950,161,41.3,1175,80.85,1,7,2,1996
ME Trescothick,ENG,24,24,0,950,121,39.58,937,101.38,3,4,3,2002
MG Bevan,AUS,34,28,14,949,77*,67.78,1239,76.59,0,8,2,1999
S Chanderpaul,WI,27,27,4,948,101,41.21,1254,75.59,1,8,1,2006
SC Ganguly,INDIA,31,30,1,947,90,32.65,1355,69.88,0,7,2,2004
ML Hayden,AUS,23,23,0,946,126,41.13,1259,75.13,2,6,2,2004
JE Root,ENG,24,24,8,946,113*,59.12,1127,83.93,3,5,1,2018
JH Kallis,SA,26,25,2,944,100,41.04,1415,66.71,2,8,2,1999
A Flower,ZIM,32,32,2,943,120*,31.43,1351,69.8,1,6,1,2000
Javed Miandad,PAK,25,24,6,942,115*,52.33,1493,63.09,1,8,0,1992
MS Atapattu,SL,21,21,4,942,119*,55.41,1319,71.41,3,6,2,2000
KC Sangakkara,SL,27,26,2,942,128,39.25,1251,75.29,4,2,1,2008
ME Waugh,AUS,29,29,5,939,121*,39.12,1273,73.76,2,5,2,1994
A Jadeja,INDIA,39,32,3,937,119,32.31,1319,71.03,1,6,1,1997
AC Gilchrist,AUS,30,29,2,934,149,34.59,912,102.41,1,7,2,2007
WJ Cronje,SA,30,27,3,933,90,38.87,1201,77.68,0,8,1,1996
M Azharuddin,INDIA,32,31,7,931,94,38.79,1279,72.79,0,6,1,1996
GW Flower,ZIM,23,23,1,928,112,42.18,1317,70.46,2,6,1,1998
SP Fleming,NZ,22,21,2,921,115*,48.47,1161,79.32,2,4,2,2004
TM Dilshan,SL,20,20,2,921,110,51.16,931,98.92,3,4,1,2010
R Dravid,INDIA,27,27,1,919,105,35.34,1255,73.22,1,8,2,2006
KC Sangakkara,SL,27,27,1,919,90,35.34,1144,80.33,0,8,1,2009
R Dravid,INDIA,28,24,5,913,109*,48.05,1191,76.65,1,7,0,2002
Saeed Anwar,PAK,26,25,1,912,113*,38,1170,77.94,2,6,2,1999
S Chanderpaul,WI,20,18,6,912,149*,76,1291,70.64,4,4,0,2007
Inzamam-ul-Haq,PAK,26,22,1,911,123,43.38,1098,82.96,2,6,2,2004
ST Jayasuriya,SL,21,21,0,910,189,43.33,1035,87.92,2,6,1,2000
F du Plessis,SA,19,18,3,905,185,60.33,980,92.34,2,6,1,2017
Saleem Malik,PAK,35,30,9,904,73*,43.04,1215,74.4,0,6,2,1996
SR Tendulkar,INDIA,17,16,3,904,146,69.53,990,91.31,4,3,1,2001
Inzamam-ul-Haq,PAK,28,27,5,901,137*,40.95,1309,68.83,1,8,0,1994
MJ Clarke,AUS,24,22,6,900,101,56.25,1130,79.64,1,6,0,2011
Yasir Hameed,PAK,19,19,1,898,127*,49.88,1303,68.91,2,7,0,2003
BRM Taylor,ZIM,21,21,0,898,138,42.76,1025,87.6,2,4,1,2018
S Dhawan,INDIA,19,19,1,897,127,49.83,877,102.28,3,2,0,2018
Shoaib Malik,PAK,27,27,3,895,143,37.29,1094,81.8,2,6,4,2004
MS Dhoni,INDIA,27,24,6,895,183*,49.72,868,103.11,2,3,1,2005
JJ Roy,ENG,22,22,0,894,180,40.63,851,105.05,3,1,3,2018
V Sehwag,INDIA,18,18,0,893,119,49.61,744,120.02,1,8,0,2008
Yuvraj Singh,INDIA,27,27,4,893,138*,38.82,891,100.22,2,3,2,2008
SC Williams,ZIM,26,25,2,893,102,38.82,1019,87.63,1,7,1,2015
AC Gilchrist,AUS,27,27,2,892,121*,35.68,860,103.72,2,3,4,2005
HM Amla,SA,18,18,1,892,122*,52.47,1107,80.57,5,2,0,2014
Inzamam-ul-Haq,PAK,30,27,4,891,85,38.73,1318,67.6,0,7,1,1997
NJ Astle,NZ,22,22,1,891,104*,42.42,1279,69.66,1,7,0,1998
KP Pietersen,ENG,25,25,4,889,104,42.33,1130,78.67,2,7,2,2007
BC Lara,WI,21,21,2,888,116,46.73,1056,84.09,3,4,0,2003
Saeed Anwar,PAK,22,21,2,886,194,46.63,1002,88.42,3,3,2,1997
NS Sidhu,INDIA,22,21,3,885,114*,49.16,1236,71.6,2,5,1,1994
Mohammad Yousuf,PAK,26,25,2,885,105,38.47,1085,81.56,1,8,1,2005
F du Plessis,SA,20,19,4,884,133*,58.93,1066,82.92,2,8,1,2015
RS Kaluwitharana,SL,30,29,3,882,99,33.92,1159,76.1,0,9,2,1999
RT Ponting,AUS,28,27,4,882,129,38.34,1064,82.89,2,4,3,2002
MG Bevan,AUS,23,22,2,881,107,44.05,1291,68.24,2,5,0,2000
HH Gibbs,SA,26,21,2,880,119,46.31,947,92.92,3,6,2,2007
MS Atapattu,SL,25,25,2,879,118,38.21,1344,65.4,1,6,2,1997
AC Gilchrist,AUS,21,21,1,879,172,43.95,788,111.54,1,5,2,2004
AB de Villiers,SA,16,16,4,879,136*,73.25,768,114.45,2,6,0,2014
ML Hayden,AUS,21,20,4,878,146,54.87,1069,82.13,1,6,0,2002
RR Sarwan,WI,20,19,4,878,102*,58.53,1078,81.44,1,5,0,2002
DR Martyn,AUS,26,23,8,878,101*,58.53,1067,82.28,2,8,3,2003
LPC Silva,SL,23,22,3,878,107*,46.21,1150,76.34,1,8,1,2007
HH Dippenaar,SA,26,25,3,875,93,39.77,1340,65.29,0,7,2,2002
Fakhar Zaman,PAK,17,17,4,875,210*,67.3,907,96.47,2,6,2,2018
SD Hope,WI,18,18,5,875,146*,67.3,1173,74.59,3,3,3,2018
Saeed Anwar,PAK,26,26,1,874,105*,34.96,1169,74.76,2,1,0,2000
Inzamam-ul-Haq,PAK,23,22,6,874,81*,54.62,972,89.91,0,9,1,2005
JE Root,ENG,23,22,2,872,113,43.6,1113,78.34,3,3,1,2014
Babar Azam,PAK,18,17,4,872,125*,67.07,1100,79.27,4,2,0,2017
V Sehwag,INDIA,27,27,0,871,130,32.25,1021,85.3,2,3,2,2003
MJ Clarke,AUS,23,23,3,868,100*,43.4,1249,69.49,1,8,1,2009
Shahid Afridi,PAK,35,35,2,867,72,26.27,813,106.64,0,6,3,1997
ME Trescothick,ENG,25,25,2,867,114*,37.69,1078,80.42,2,6,3,2003
Imrul Kayes,BDESH,27,27,0,867,101,32.11,1291,67.15,1,6,0,2010
Rameez Raja,PAK,26,26,2,865,119*,36.04,1434,60.32,2,5,3,1992
Younis Khan,PAK,18,17,1,865,123*,54.06,890,97.19,3,6,2,2008
KC Sangakkara,SL,14,13,3,862,124,86.2,838,102.86,5,2,0,2015
HM Amla,SA,18,18,1,862,154,50.7,975,88.41,3,4,0,2017
Salman Butt,PAK,19,19,2,861,136,50.64,1007,85.5,3,4,3,2008
HDRL Thirimanne,SL,25,24,4,861,139*,43.05,1121,76.8,1,6,1,2015
ST Jayasuriya,SL,25,25,3,860,122,39.09,1002,85.82,3,3,3,2003
CJ Chibhabha,ZIM,27,27,1,859,99,33.03,1146,74.95,0,6,1,2015
Q de Kock,SA,17,17,2,857,178,57.13,789,108.61,3,3,0,2016
L Klusener,SA,27,24,15,854,103*,94.88,837,102.03,2,4,2,1999
A Flower,ZIM,26,25,3,852,99*,38.72,1062,80.22,0,9,5,1999
NV Knight,ENG,24,24,2,852,111*,38.72,1090,78.16,2,5,3,2002
RP Arnold,SL,34,29,8,851,91*,40.52,1093,77.85,0,8,3,2001
CD McMillan,NZ,28,28,0,851,105,30.39,1140,74.64,1,5,2,2002
GD Elliott,NZ,27,24,5,850,104*,44.73,822,103.4,1,4,1,2015
Yuvraj Singh,INDIA,22,21,5,849,107*,53.06,961,88.34,2,5,2,2006
JH Kallis,SA,19,17,2,848,107,56.53,1155,73.41,2,5,0,2001
SB Styris,NZ,24,21,6,848,111*,56.53,1013,83.71,1,6,1,2007
G Gambhir,INDIA,27,23,2,848,150*,40.38,916,92.57,2,5,2,2009
CL White,AUS,25,23,4,848,105,44.63,1004,84.46,1,6,1,2010
Saeed Anwar,PAK,28,28,3,846,104*,33.84,1213,69.74,1,4,3,1994
HH Gibbs,SA,21,21,0,846,125,40.28,975,86.76,3,3,0,2001
DPMD Jayawardene,SL,27,27,1,846,118,32.53,1032,81.97,1,6,1,2014
NJ Astle,NZ,25,23,1,845,104,38.4,1124,75.17,1,6,2,2000
LD Chandimal,SL,30,29,5,845,92*,35.2,1136,74.38,0,7,4,2012
GW Flower,ZIM,22,22,1,843,90,40.14,1165,72.36,0,9,1,1997
SR Tendulkar,INDIA,22,22,2,843,186*,42.15,951,88.64,3,1,4,1999
Yuvraj Singh,INDIA,31,28,0,841,139,30.03,927,90.72,1,5,1,2004
A Ranatunga,SL,22,21,4,840,101*,49.41,974,86.24,1,6,1,1994
RT Ponting,AUS,24,23,1,840,91,38.18,1054,79.69,0,7,0,2004
DA Warner,AUS,25,24,0,840,163,35,1014,82.84,2,3,0,2012
Yuvraj Singh,INDIA,26,25,5,839,120,41.95,1043,80.44,3,3,0,2005
HM Amla,SA,23,22,0,838,122,38.09,991,84.56,2,4,1,2013
ADR Campbell,ZIM,26,26,0,837,124,32.19,1227,68.21,3,3,2,2001
VVS Laxman,INDIA,25,24,4,837,131,41.85,1049,79.79,4,1,0,2004
AC Gilchrist,AUS,27,26,0,836,124,32.15,869,96.2,2,4,3,2002
ST Jayasuriya,SL,31,30,2,835,115,29.82,891,93.71,2,4,1,2007
AC Gilchrist,AUS,25,24,1,831,118,36.13,943,88.12,3,2,1,1998
Saeed Anwar,PAK,21,21,1,831,140,41.55,954,87.1,1,7,1,1998
KC Sangakkara,SL,30,30,2,829,77*,29.6,1178,70.37,0,6,1,2002
RT Ponting,AUS,18,18,3,828,102,55.2,900,92,2,6,0,2001
WU Tharanga,SL,22,21,3,826,133,45.88,1091,75.71,4,2,1,2011
N Dickwella,SL,26,26,1,826,116,33.04,860,96.04,2,4,1,2017
MEK Hussey,AUS,24,23,5,825,79,45.83,901,91.56,0,6,0,2010
RG Twose,NZ,25,24,7,823,80*,48.41,1119,73.54,0,7,2,1999
R Dravid,INDIA,31,27,5,823,92*,37.4,1003,82.05,0,8,3,2007
DS Lehmann,AUS,32,28,3,821,110*,32.84,1037,79.17,1,5,1,1999
MS Dhoni,INDIA,29,26,6,821,96,41.05,883,92.97,0,7,0,2006
TM Dilshan,SL,28,27,1,820,144,31.53,953,86.04,2,4,1,2011
JN Rhodes,SA,29,28,2,819,66,31.5,1104,74.18,0,4,1,1994
Inzamam-ul-Haq,PAK,28,27,1,818,117,31.46,1014,80.67,2,4,2,1992
L Klusener,SA,41,35,13,817,75*,37.13,987,82.77,0,4,5,2000
A Ranatunga,SL,28,25,6,815,131*,42.89,1039,78.44,1,7,3,1997
A Symonds,AUS,26,23,3,815,156,40.75,895,91.06,1,4,2,2005
S Dhawan,INDIA,18,18,1,815,113,47.94,942,86.51,1,6,0,2014
RG Sharma,INDIA,17,17,1,815,150,50.93,854,95.43,3,4,2,2015
Sikandar Raza,ZIM,31,28,4,814,100*,33.91,906,89.84,2,3,0,2015
SC Ganguly,INDIA,23,22,0,813,127,36.95,1144,71.06,2,6,2,2001
JH Kallis,SA,22,22,4,812,113*,45.11,1096,74.08,3,2,0,1998
MS Atapattu,SL,26,25,3,812,124,36.9,1186,68.46,3,2,2,2003
SR Tendulkar,INDIA,21,21,1,812,141,40.6,1014,80.07,1,5,1,2004
PG Fulton,NZ,24,22,2,811,83,40.55,1075,75.44,0,6,1,2007
MD Crowe,NZ,20,20,1,810,104,42.63,1192,67.95,1,6,0,1990
DJ Cullinan,SA,21,20,2,810,89,45,1100,73.63,0,8,1,1997
AC Gilchrist,AUS,22,21,0,810,122,38.57,779,103.97,2,4,2,2006
V Sehwag,INDIA,20,19,1,810,146,45,593,136.59,3,2,0,2009
ME Waugh,AUS,16,13,3,809,173,80.9,933,86.7,4,2,1,2001
Ahmed Shehzad,PAK,21,21,0,809,124,38.52,1125,71.91,2,5,1,2013
Inzamam-ul-Haq,PAK,21,21,5,808,90*,50.5,1132,71.37,0,6,1,1993
A Symonds,AUS,26,21,8,808,107*,62.15,777,103.98,1,6,1,2007
GJ Bailey,AUS,27,25,3,808,112,36.72,1020,79.21,1,5,1,2016
BRM Taylor,ZIM,28,28,5,807,98,35.08,1099,73.43,0,5,1,2006
Tamim Iqbal,BDESH,26,26,0,807,129,31.03,1035,77.97,1,5,4,2008
BC Lara,WI,15,14,2,806,169,67.16,839,96.06,2,6,0,1995
SP Fleming,NZ,23,23,4,806,116*,42.42,1087,74.14,2,3,0,1998
AJ Strauss,ENG,14,14,0,806,154,57.57,840,95.95,2,6,0,2010
ADR Campbell,ZIM,26,26,2,805,102,33.54,1168,68.92,2,4,0,1998
HH Gibbs,SA,22,22,2,805,125,40.25,1091,73.78,2,4,1,1999
DR Martyn,AUS,25,23,6,805,95*,47.35,1063,75.72,0,7,2,2005
SPD Smith,AUS,19,17,2,805,105,53.66,935,86.09,2,5,0,2015
A Symonds,AUS,24,22,6,803,104*,50.18,850,94.47,1,5,4,2004
N Hussain,ENG,24,24,1,801,115,34.82,1119,71.58,1,5,1,2002
Ijaz Ahmed,PAK,25,24,2,799,132,36.31,819,97.55,3,3,2,1998
BB McCullum,NZ,33,28,6,799,96,36.31,790,101.13,0,5,2,2007
DC Boon,AUS,21,20,3,798,100,46.94,1203,66.33,2,4,1,1992
RT Ponting,AUS,23,23,1,798,164,36.27,896,89.06,2,6,2,2006
A Ranatunga,SL,22,22,4,796,102,44.22,1056,75.37,1,6,2,1998
JE Root,ENG,15,14,1,796,125,61.23,867,91.81,2,6,0,2016
BC Lara,WI,21,21,2,794,88*,41.78,1170,67.86,0,9,1,1992
GA Hick,ENG,21,21,4,794,126*,46.7,1053,75.4,3,4,3,1999
MA Taylor,AUS,22,22,0,792,105,36,1224,64.7,1,5,1,1996
LMP Simmons,WI,17,17,1,792,122,49.5,993,79.75,1,8,1,2011
DPMD Jayawardene,SL,32,31,3,791,77,28.25,1197,66.08,0,3,1,2002
RR Sarwan,WI,24,22,8,791,104*,56.5,984,80.38,1,6,1,2004
F du Plessis,SA,15,15,0,790,126,52.66,892,88.56,3,4,0,2014
AJ Finch,AUS,18,18,0,790,121,43.88,940,84.04,4,3,2,2014
MD Crowe,NZ,18,18,7,789,100*,71.72,1018,77.5,1,6,0,1992
A Jadeja,INDIA,32,30,7,789,71*,34.3,1022,77.2,0,4,2,1996
DM Bravo,WI,24,24,3,788,100*,37.52,1056,74.62,1,8,2,2013
MS Dhoni,INDIA,29,22,9,788,134,60.61,930,84.73,1,6,0,2017
MS Atapattu,SL,33,32,1,787,82,25.38,1358,57.95,0,7,1,1999
Shakib Al Hasan,BDESH,27,27,3,787,106,32.79,982,80.14,1,5,2,2010
Umar Akmal,PAK,29,23,4,785,91,41.31,870,90.22,0,6,1,2011
DPMD Jayawardene,SL,30,27,2,785,85,31.4,889,88.3,0,6,1,2012
GW Flower,ZIM,26,26,0,784,140,30.15,1144,68.53,1,2,2,1999
MG Bevan,AUS,31,21,9,784,84*,65.33,1180,66.44,0,6,1,2003
KP Pietersen,ENG,21,16,4,784,116,65.33,760,103.15,3,4,0,2005
Aftab Ahmed,BDESH,27,27,4,784,66,34.08,797,98.36,0,8,2,2006
MEK Hussey,AUS,27,22,8,784,109*,56,874,89.7,1,4,1,2006
SM Katich,AUS,22,22,2,783,107*,39.15,1215,64.44,1,5,1,2006
Yuvraj Singh,INDIA,23,21,1,783,131,39.15,816,95.95,2,5,1,2009
Mohammad Hafeez,PAK,20,20,1,782,103,41.15,929,84.17,2,5,3,2015
EJG Morgan,ENG,20,18,1,781,107,45.94,791,98.73,3,3,1,2017
SR Waugh,AUS,21,21,3,777,102*,43.16,1014,76.62,1,7,0,1996
MJ Clarke,AUS,19,19,5,777,111*,55.5,979,79.36,1,5,1,2010
Tamim Iqbal,BDESH,23,23,0,776,125,33.73,807,96.15,1,5,2,2010
Azhar Ali,PAK,17,17,0,775,102,45.58,920,84.23,2,3,0,2015
Yasir Hameed,PAK,25,25,0,773,102,30.92,1144,67.56,1,2,2,2004
AB de Villiers,SA,19,18,5,773,176,59.46,661,116.94,1,5,1,2017
A Flower,ZIM,26,26,2,772,95,32.16,1026,75.24,0,7,1,1998
SP Fleming,NZ,28,27,1,772,89,29.69,1168,66.09,0,6,1,2002
E Chigumbura,ZIM,27,26,4,772,117,35.09,945,81.69,2,1,1,2015
WJ Cronje,SA,23,21,6,771,94,51.4,909,84.81,0,6,1,1997
RT Ponting,AUS,22,22,1,771,106,36.71,933,82.63,1,6,2,2010
PR Stirling,IRE,17,17,0,771,177,45.35,851,90.59,1,5,0,2010
SR Watson,AUS,21,21,0,771,69,36.71,872,88.41,0,7,0,2010
JH Kallis,SA,18,18,5,770,139,59.23,986,78.09,3,4,2,2004
SK Raina,INDIA,34,27,5,770,89*,35,911,84.52,0,5,2,2013
KS Williamson,NZ,12,12,1,770,123,70,884,87.1,1,7,0,2014
Mushfiqur Rahim,BDESH,19,19,5,770,144,55,935,82.35,1,5,0,2018
M Azharuddin,INDIA,18,17,4,769,95*,59.15,920,83.58,0,8,0,1993
Mohammad Yousuf,PAK,27,25,4,768,107*,36.57,969,79.25,1,4,2,2004
AM Rahane,INDIA,24,24,0,768,111,32,945,81.26,2,4,2,2014
Mushfiqur Rahim,BDESH,18,16,1,767,107,51.13,755,101.58,2,4,0,2015
A Flower,ZIM,22,21,1,766,81,38.3,1075,71.25,0,6,1,1997
MS Dhoni,INDIA,24,22,9,764,91*,58.76,850,89.88,0,6,0,2011
BB McCullum,NZ,24,23,0,764,117,33.21,501,152.49,1,6,2,2015
AB de Villiers,SA,17,17,3,762,121,54.42,821,92.81,1,6,0,2009
A Symonds,AUS,24,21,3,761,151,42.27,804,94.65,2,5,1,2006
MG Bevan,AUS,26,23,7,760,79,47.5,1007,75.47,0,7,0,1996
KC Sangakkara,SL,26,25,1,758,110,31.58,1067,71.04,1,6,2,2007
ME Waugh,AUS,23,23,1,757,87,34.4,998,75.85,0,5,0,1998
TM Dilshan,SL,36,29,5,757,117*,31.54,852,88.84,1,2,0,2006
SC Ganguly,INDIA,22,22,4,756,112*,42,992,76.2,3,2,2,2003
EJG Morgan,ENG,22,22,4,756,92,42,806,93.79,0,7,1,2018
BC Lara,WI,18,17,2,755,103*,50.33,922,81.88,2,5,3,1997
RP Arnold,SL,32,28,8,753,62,37.65,1112,67.71,0,5,0,2002
MS Dhoni,INDIA,26,20,8,753,139*,62.75,784,96.04,1,5,1,2013
WU Tharanga,SL,28,26,1,752,71,30.08,993,75.73,0,8,2,2012
BB McCullum,NZ,24,23,0,750,131,32.6,935,80.21,1,3,3,2009
Saleem Malik,PAK,28,24,7,748,93*,44,1134,65.96,0,8,0,1994
SL Campbell,WI,27,25,0,747,69,29.88,1156,64.61,0,7,1,1999
AP Gurusinha,SL,27,25,0,746,87,29.84,1224,60.94,0,4,2,1996
AC Gilchrist,AUS,20,18,1,746,98,43.88,822,90.75,0,7,0,2001
KC Sangakkara,SL,23,23,3,746,138*,37.3,965,77.3,1,4,1,2005
ME Waugh,AUS,17,17,0,745,113,43.82,964,77.28,2,7,1,1993
S Dhawan,INDIA,20,20,0,745,137,37.25,872,85.43,2,4,0,2015
MS Atapattu,SL,20,20,3,744,132*,43.76,1028,72.37,1,5,1,1998
DPMD Jayawardene,SL,32,30,0,744,120,24.8,987,75.37,2,3,2,1999
Younis Khan,PAK,27,24,3,744,81,35.42,973,76.46,0,6,2,2011
Inzamam-ul-Haq,PAK,33,29,3,743,68,28.57,1104,67.3,0,4,2,2002
Shahid Afridi,PAK,37,36,2,743,108*,21.85,659,112.74,1,4,5,2002
GC Smith,SA,19,19,1,743,99,41.27,1011,73.49,0,5,0,2002
BRM Taylor,ZIM,17,17,2,743,128*,49.53,868,85.59,3,4,2,2011
AD Hales,ENG,14,13,1,743,171,61.91,733,101.36,3,4,1,2016
Tamim Iqbal,BDESH,18,18,2,742,132,46.37,909,81.62,2,5,2,2015
SR Tendulkar,INDIA,20,19,5,741,113,52.92,847,87.48,2,3,0,2002
Q de Kock,SA,16,16,0,741,135,46.31,856,86.56,4,0,0,2013
Q de Kock,SA,19,19,1,741,128,41.16,820,90.36,2,4,0,2014
R Dravid,INDIA,24,21,4,740,80,43.52,1046,70.74,0,6,0,2001
D Mongia,INDIA,25,25,3,740,159*,33.63,985,75.12,1,2,2,2002
NC Johnson,ZIM,21,21,1,739,132*,36.95,1007,73.38,3,4,1,1999
V Kohli,INDIA,10,10,2,739,154*,92.37,739,100,3,4,0,2016
MJ Guptill,NZ,22,21,3,738,122*,41,900,82,1,6,0,2009
NJ Astle,NZ,18,18,1,735,119,43.23,979,75.07,3,3,0,2001
A Symonds,AUS,31,22,5,734,143*,43.17,922,79.6,1,4,3,2003
RT Ponting,AUS,24,24,1,733,123,31.86,1061,69.08,2,3,4,1996
BC Lara,WI,20,20,3,732,116*,43.05,991,73.86,1,5,3,2001
MS Atapattu,SL,24,21,2,729,111,38.36,1103,66.09,1,5,2,2004
MJ Clarke,AUS,28,23,5,729,81,40.5,943,77.3,0,7,0,2006
DA Miller,SA,24,21,5,729,138*,45.56,666,109.45,2,1,2,2015
AC Parore,NZ,19,17,3,728,108,52,1067,68.22,1,5,0,1994
MG Bevan,AUS,19,18,5,728,108*,56,1016,71.65,2,3,1,1997
DJ Hussey,AUS,25,24,3,728,74,34.66,799,91.11,0,7,3,2012
MJ Guptill,NZ,18,18,1,727,114,42.76,728,99.86,2,4,3,2016
SO Hetmyer,WI,18,18,0,727,127,40.38,663,109.65,3,2,1,2018
AC Gilchrist,AUS,23,23,0,726,128,31.56,763,95.15,1,5,1,2000
HH Gibbs,SA,16,16,2,726,118,51.85,892,81.39,2,4,1,2005
KC Sangakkara,SL,17,17,2,726,74,48.4,860,84.41,0,7,1,2010
Saeed Anwar,PAK,15,15,1,724,131,51.71,869,83.31,4,2,1,1993
ST Jayasuriya,SL,25,24,1,724,130,31.47,866,83.6,2,3,2,2004
BRM Taylor,ZIM,20,20,2,723,145*,40.16,912,79.27,2,3,1,2010
JE Root,ENG,20,18,1,723,121,42.52,786,91.98,3,4,1,2015
MW Goodwin,ZIM,26,26,0,722,111,27.76,995,72.56,1,4,1,1998
CH Gayle,WI,19,19,0,722,152,38,908,79.51,1,6,2,2001
CH Gayle,WI,23,22,3,722,152*,38,1015,71.13,2,2,1,2004
SK Raina,INDIA,29,27,4,722,84,31.39,725,99.58,0,4,3,2011
AM Rahane,INDIA,21,20,2,722,87,40.11,907,79.6,0,6,1,2015
Rahmat Shah,AFG,20,19,0,722,114,38,966,74.74,1,6,0,2018
A Jadeja,INDIA,17,16,0,720,104,45,1116,64.51,1,6,1,1994
G Gambhir,INDIA,19,19,1,720,97,40,827,87.06,0,7,1,2011
DR Martyn,AUS,28,25,6,718,104*,37.78,1020,70.39,1,2,0,2002
VG Kambli,INDIA,25,24,10,716,82*,51.14,889,80.53,0,5,1,1994
BJ Haddin,AUS,20,20,1,716,109,37.68,808,88.61,1,5,1,2009
RS Mahanama,SL,28,25,4,714,94*,34,997,71.61,0,6,1,1997
AJ Strauss,ENG,22,22,2,713,152,35.65,877,81.29,1,3,2,2005
MV Boucher,SA,24,21,4,713,147*,41.94,802,88.9,1,5,1,2006
PA de Silva,SL,22,21,3,712,107*,39.55,842,84.56,1,5,2,1994
Saeed Anwar,PAK,17,17,1,711,90,44.43,929,76.53,0,7,1,2001
KC Wessels,SA,19,19,2,709,85,41.7,1354,52.36,0,6,0,1992
SP Fleming,NZ,21,21,2,708,106*,37.26,957,73.98,1,5,0,1996
Shoaib Malik,PAK,21,20,3,707,89,41.58,902,78.38,0,5,0,2007
WU Tharanga,SL,22,22,3,707,118*,37.21,958,73.79,1,5,3,2010
RR Singh,INDIA,37,30,5,706,100,28.24,802,88.02,1,1,2,1997
PD Collingwood,ENG,19,18,4,705,105*,50.35,840,83.92,1,4,0,2009
SR Tendulkar,INDIA,21,20,2,704,84,39.11,1019,69.08,0,6,0,1992
JC Buttler,ENG,25,24,4,704,121,35.2,626,112.46,1,3,1,2014
Mushfiqur Rahim,BDESH,18,17,1,704,117,44,825,85.33,1,6,0,2014
ADR Campbell,ZIM,26,25,2,703,97,30.56,1105,63.61,0,4,2,1999
Imran Nazir,PAK,27,27,1,701,105*,26.96,975,71.89,1,4,5,2000
S Matsikenyeri,ZIM,26,25,3,701,90,31.86,928,75.53,0,5,0,2009
PA de Silva,SL,22,22,2,699,75*,34.95,907,77.06,0,7,0,1993
Inzamam-ul-Haq,PAK,17,16,2,699,116*,49.92,866,80.71,1,5,1,1995
KS Williamson,NZ,18,18,1,699,118,41.11,855,81.75,1,5,1,2016
HDRL Thirimanne,SL,24,21,4,698,102,41.05,943,74.01,2,4,1,2014
CR Ervine,ZIM,22,21,3,698,130*,38.77,874,79.86,2,3,0,2015
M Kaif,INDIA,22,21,5,697,102*,43.56,966,72.15,1,4,1,2005
HH Gibbs,SA,22,21,1,696,175,34.8,781,89.11,1,4,4,2006
KC Sangakkara,SL,26,24,5,695,103*,36.57,963,72.17,2,1,0,2003
PA de Silva,SL,22,22,0,694,105,31.54,929,74.7,1,5,3,1998
HH Gibbs,SA,21,20,3,693,143,40.76,797,86.95,1,4,1,2003
SR Watson,AUS,17,16,0,693,143,43.31,652,106.28,3,2,1,2013
BC Lara,WI,15,15,3,692,146*,57.66,745,92.88,3,2,0,1996
M Kaif,INDIA,32,24,7,692,111*,40.7,848,81.6,1,3,0,2002
WJ Cronje,SA,22,20,4,691,73,43.18,804,85.94,0,6,1,1998
EJG Morgan,ENG,17,17,4,691,110*,53.15,736,93.88,3,2,0,2010
JWA Taylor,ENG,21,20,5,691,101,46.06,842,82.06,1,5,2,2015
DA Warner,AUS,13,13,1,691,179,57.58,672,102.82,3,1,0,2017
M Azharuddin,INDIA,25,24,5,689,81,36.26,745,92.48,0,3,0,1994
WW Hinds,WI,19,19,3,687,127*,42.93,913,75.24,3,2,2,2003
JH Kallis,SA,25,24,3,687,91,32.71,1076,63.84,0,7,2,2005
SV Carlisle,ZIM,29,27,1,686,91*,26.38,1235,55.54,0,4,3,2000
SHT Kandamby,SL,21,21,5,686,93*,42.87,887,77.33,0,5,0,2009
J Charles,WI,19,19,0,686,130,36.1,797,86.07,2,2,2,2013
PV Simmons,WI,29,28,4,685,92,28.54,1105,61.99,0,5,5,1993
RS Kaluwitharana,SL,30,29,1,685,100*,24.46,667,102.69,1,5,6,1996
Younis Khan,PAK,26,25,4,685,70*,32.61,953,71.87,0,5,2,2003
RS Morton,WI,24,21,3,685,110*,38.05,1051,65.17,2,3,5,2006
G Gambhir,INDIA,16,16,0,685,102,42.81,836,81.93,2,5,2,2012
VG Kambli,INDIA,18,18,2,684,100*,42.75,1005,68.05,1,5,0,1993
Tamim Iqbal,BDESH,12,12,4,684,130*,85.5,896,76.33,2,6,0,2018
CL White,AUS,26,22,3,682,105,35.89,877,77.76,1,5,1,2009
KR Rutherford,NZ,24,22,1,681,108,32.42,984,69.2,2,2,2,1994
SP Fleming,NZ,23,22,2,681,134*,34.05,1045,65.16,1,2,0,2003
Shoaib Malik,PAK,20,17,3,681,125*,48.64,740,92.02,1,6,0,2008
RR Rossouw,SA,17,16,2,681,132,48.64,691,98.55,2,3,1,2015
SK Raina,INDIA,19,18,3,680,116*,45.33,717,94.83,2,5,0,2008
DS Lehmann,AUS,25,24,5,679,103,35.73,853,79.6,1,3,0,1998
HM Amla,SA,10,9,1,678,150,84.75,747,90.76,2,4,0,2012
JM Kemp,SA,27,23,6,677,80,39.82,680,99.55,0,6,1,2005
ME Waugh,AUS,15,14,1,676,115*,52,847,79.81,3,2,1,1997
DPMD Jayawardene,SL,28,25,4,676,80,32.19,963,70.19,0,3,2,2004
Mohammad Ashraful,BDESH,26,26,3,676,109,29.39,941,71.83,1,4,1,2008
LRPL Taylor,NZ,20,19,1,676,95,37.55,834,81.05,0,7,0,2010
Abdul Razzaq,PAK,30,26,7,675,112,35.52,772,87.43,1,3,3,2002
DL Haynes,WI,25,25,2,674,82,29.3,1178,57.21,0,7,6,1993
ST Jayasuriya,SL,28,28,2,674,88,25.92,788,85.53,0,7,1,1999
Saeed Anwar,PAK,20,20,0,673,126,33.65,752,89.49,2,1,0,1990
PN Kirsten,SA,18,18,3,672,90,44.8,1096,61.31,0,5,0,1992
Soumya Sarkar,BDESH,15,15,2,672,127*,51.69,657,102.28,1,4,0,2015
Imam-ul-Haq,PAK,13,13,2,672,128,61.09,809,83.06,3,3,1,2018
V Sehwag,INDIA,27,26,0,671,90,25.8,736,91.16,0,5,3,2004
Shakib Al Hasan,BDESH,19,17,4,671,105*,51.61,632,106.17,2,4,0,2009
JC Buttler,ENG,23,18,5,671,110*,51.61,591,113.53,2,4,3,2018
ME Trescothick,ENG,17,16,0,670,130,41.87,784,85.45,2,4,1,2004
G Gambhir,INDIA,14,14,2,670,138*,55.83,713,93.96,2,3,2,2010
Inzamam-ul-Haq,PAK,20,18,1,669,116*,39.35,910,73.51,1,4,2,1998
SP Fleming,NZ,23,22,2,669,106,33.45,870,76.89,2,4,2,2007
DPMD Jayawardene,SL,26,26,0,669,123,25.73,806,83,1,3,3,2009
S Chanderpaul,WI,24,22,2,668,92,33.4,951,70.24,0,5,0,2004
GP Thorpe,ENG,18,18,4,666,89,47.57,910,73.18,0,6,1,1996
CD McMillan,NZ,23,22,3,666,104*,35.05,796,83.66,1,3,2,2001
MN Samuels,WI,28,27,4,664,68,28.86,987,67.27,0,5,0,2001
LRPL Taylor,NZ,29,26,3,663,117,28.82,826,80.26,1,4,4,2007
AN Cook,ENG,15,15,1,663,137,47.35,829,79.97,3,3,2,2012
LRPL Taylor,NZ,13,13,3,662,112*,66.2,751,88.14,3,3,0,2014
ST Jayasuriya,SL,23,23,0,661,102,28.73,790,83.67,1,4,3,1998
NV Knight,ENG,12,12,0,661,122,55.08,890,74.26,1,6,0,1998
Abdul Razzaq,PAK,38,32,8,661,75*,27.54,835,79.16,0,3,3,2000
AC Hudson,SA,18,18,0,660,108,36.66,1062,62.14,1,5,0,1992
BC Lara,WI,28,26,5,660,87,31.42,865,76.3,0,4,1,2006
PJ Hughes,AUS,20,19,1,660,138*,36.66,885,74.57,2,2,1,2013
Yuvraj Singh,INDIA,26,21,3,659,80*,36.61,686,96.06,0,7,1,2002
JP Duminy,SA,21,21,3,659,150*,36.61,789,83.52,1,3,1,2013
RB Richardson,WI,19,19,1,658,122,36.55,887,74.18,2,3,0,1991
KP Pietersen,ENG,21,18,3,658,111*,43.86,773,85.12,2,3,1,2008
A Flower,ZIM,14,13,2,657,145,59.72,742,88.54,1,6,2,2002
MJ Clarke,AUS,15,14,0,656,117,46.85,800,82,1,5,0,2012
Babar Azam,PAK,11,11,0,656,123,59.63,689,95.21,3,2,0,2016
LD Chandimal,SL,14,13,2,656,102,59.63,844,77.72,2,6,0,2016
PR Stirling,IRE,16,15,0,656,101,43.73,739,88.76,1,5,2,2017
RR Singh,INDIA,39,35,8,655,75,24.25,901,72.69,0,2,2,1999
AJ Strauss,ENG,21,20,4,655,100,40.93,873,75.02,1,4,0,2004
DR Martyn,AUS,24,22,3,655,79,34.47,891,73.51,0,6,0,2006
AJ Finch,AUS,25,23,0,655,107,28.47,696,94.1,1,5,2,2016
Saleem Malik,PAK,26,24,4,654,102,32.7,972,67.28,1,2,2,1992
IR Bell,ENG,16,16,1,654,88,43.6,929,70.39,0,5,0,2006
M Azharuddin,INDIA,21,20,1,652,93,34.31,954,68.34,0,5,1,1992
GC Smith,SA,18,18,1,652,80,38.35,899,72.52,0,4,0,2004
DA Warner,AUS,15,14,2,652,178,54.33,590,110.5,2,2,0,2015
HH Dippenaar,SA,18,18,2,651,125*,40.68,977,66.63,2,3,1,2006
S Chanderpaul,WI,17,17,2,650,85*,43.33,896,72.54,0,5,0,2005
MJ Guptill,NZ,16,15,3,650,105,54.16,842,77.19,1,4,0,2011
ADR Campbell,ZIM,22,22,4,649,86,36.05,881,73.66,0,5,1,1997
GW Flower,ZIM,31,31,7,648,96*,27,950,68.21,0,4,4,2000
NJ Astle,NZ,17,17,0,647,117,38.05,851,76.02,1,5,1,1997
AJ Strauss,ENG,21,21,1,647,105,32.35,828,78.14,1,4,2,2009
JJ Roy,ENG,17,17,2,647,162,43.13,599,108.01,2,2,1,2016
SV Manjrekar,INDIA,14,14,2,646,105,53.83,903,71.53,1,7,0,1991
S Ramesh,INDIA,24,24,1,646,82,28.08,1092,59.15,0,6,3,1999
Inzamam-ul-Haq,PAK,17,16,3,646,118*,49.69,852,75.82,1,4,2,2001
SB Styris,NZ,23,21,3,646,141,35.88,853,75.73,1,4,2,2003
Misbah-ul-Haq,PAK,21,17,5,646,79*,53.83,653,98.92,0,5,0,2008
Tamim Iqbal,BDESH,12,11,1,646,128,64.6,777,83.14,2,4,1,2017
DL Haynes,WI,20,20,3,645,96,37.94,1187,54.33,0,6,1,1992
V Sehwag,INDIA,12,12,0,645,219,53.75,524,123.09,2,1,2,2011
AB de Villiers,SA,13,12,6,645,125*,107.5,594,108.58,2,3,0,2012
IR Bell,ENG,16,16,1,645,113*,43,839,76.87,1,4,0,2013
GJ Maxwell,AUS,19,15,1,644,102,46,474,135.86,1,4,1,2015
WTS Porterfield,IRE,16,15,0,644,119,42.93,793,81.21,2,2,0,2017
Moin Khan,PAK,36,32,12,643,61,32.15,833,77.19,0,3,2,1997
ST Jayasuriya,SL,23,23,0,643,107,27.95,675,95.25,1,2,3,2009
JC Buttler,ENG,21,18,3,642,129,42.8,540,118.88,2,2,1,2015
MR Marsh,AUS,23,21,6,642,102*,42.8,668,96.1,1,4,2,2016
Abdul Razzaq,PAK,26,24,9,640,107*,42.66,627,102.07,1,3,0,2004
Shahid Afridi,PAK,25,24,1,640,102,27.82,406,157.63,1,2,2,2005
MS Dhoni,INDIA,20,17,3,640,92*,45.71,737,86.83,0,4,0,2015
LRPL Taylor,NZ,11,10,3,639,181*,91.28,719,88.87,2,4,0,2018
JC Adams,WI,25,22,5,638,82,37.52,1033,61.76,0,4,1,1999
G Kirsten,SA,13,13,1,638,133*,53.16,798,79.94,2,4,0,2001
Shoaib Malik,PAK,22,22,3,638,108,33.57,816,78.18,1,3,3,2006
WU Tharanga,SL,28,27,0,638,73,23.62,977,65.3,0,4,1,2007
DM Bravo,WI,24,23,3,637,86,31.85,912,69.84,0,5,3,2011
CL Hooper,WI,18,17,4,635,110*,48.84,769,82.57,3,2,1,1997
SR Waugh,AUS,27,22,4,634,120*,35.22,833,76.11,1,3,2,1999
G Gambhir,INDIA,21,21,3,634,101,35.22,849,74.67,1,5,2,2007
BJ Haddin,AUS,24,23,1,634,88,28.81,836,75.83,0,5,0,2011
A Flintoff,ENG,14,13,2,633,123,57.54,618,102.42,3,2,0,2004
Sikandar Raza,ZIM,18,18,2,633,92,39.56,769,82.31,0,5,0,2018
TM Dilshan,SL,27,24,5,632,70,33.26,760,83.15,0,3,0,2007
CH Gayle,WI,14,13,1,632,122,52.66,693,91.19,3,3,1,2008
HM Amla,SA,15,15,1,632,116*,45.14,718,88.02,2,5,1,2011
BC Lara,WI,29,28,2,631,117,24.26,760,83.02,1,1,2,1999
A Flintoff,ENG,20,20,6,631,70*,45.07,700,90.14,0,6,1,2003
MV Boucher,SA,30,23,6,631,78,37.11,620,101.77,0,5,2,2007
LRPL Taylor,NZ,24,23,3,631,76,31.55,831,75.93,0,5,2,2009
SK Raina,INDIA,24,21,5,631,106,39.43,649,97.22,1,3,0,2010
Anamul Haque,BDESH,18,17,0,631,109,37.11,897,70.34,2,3,3,2014
MN Samuels,WI,21,19,1,630,98,35,794,79.34,0,6,1,2007
E Chigumbura,ZIM,25,24,2,630,79,28.63,631,99.84,0,5,1,2009
Ahmed Shehzad,PAK,16,16,0,629,113,39.31,829,75.87,2,4,2,2014
SR Tendulkar,INDIA,16,16,2,628,141*,44.85,815,77.05,2,3,1,2006
AC Parore,NZ,20,20,2,627,93,34.83,908,69.05,0,4,3,1996
Mohammad Yousuf,PAK,21,19,3,627,83*,39.18,989,63.39,0,5,0,2006
SC Williams,WI,12,12,2,626,105*,62.6,910,68.79,1,6,0,1997
JE Root,ENG,20,19,3,626,79*,39.12,762,82.15,0,4,1,2013
SA Thomson,NZ,25,24,4,624,83,31.2,878,71.07,0,5,1,1994
S Chanderpaul,WI,20,18,3,624,108*,41.6,830,75.18,1,4,1,2002
R Dravid,INDIA,23,21,6,623,62,41.53,966,64.49,0,4,0,2003
V Kohli,INDIA,20,20,3,623,138,36.64,773,80.59,2,1,0,2015
DM Jones,AUS,20,19,3,622,90,38.87,1008,61.7,0,5,1,1992
SB Styris,NZ,25,23,4,622,101*,32.73,755,82.38,1,4,1,2004
MEK Hussey,AUS,18,16,5,622,85,56.54,836,74.4,0,6,0,2008
AJ Stewart,ENG,14,14,0,621,116,44.35,778,79.82,1,3,0,1997
SL Campbell,WI,18,17,0,621,105,36.52,940,66.06,2,4,2,2000
SR Waugh,AUS,24,22,4,620,86,34.44,781,79.38,0,5,0,1994
Shoaib Malik,PAK,27,24,2,620,82*,28.18,667,92.95,0,3,0,2003
NJ Astle,NZ,25,25,3,619,122*,28.13,887,69.78,1,4,4,2002
BB McCullum,NZ,16,15,2,618,166,47.53,561,110.16,1,4,0,2008
Younis Khan,PAK,17,17,0,617,117,36.29,793,77.8,1,4,1,2007
DPMD Jayawardene,SL,27,25,3,617,94,28.04,852,72.41,0,6,2,2008
BA Stokes,ENG,15,13,3,616,102*,61.6,576,106.94,2,4,0,2017
MJ Clarke,AUS,26,23,4,615,105*,32.36,689,89.25,1,1,3,2004
Younis Khan,PAK,20,20,4,615,101,38.43,874,70.36,1,4,2,2006
RA Smith,ENG,16,16,4,614,91,51.16,827,74.24,0,6,1,1992
MV Boucher,SA,36,28,5,614,70,26.69,712,86.23,0,5,2,2002
VVS Laxman,INDIA,21,21,1,613,99,30.65,855,71.69,0,5,0,2002
KP Pietersen,ENG,16,16,2,612,90*,43.71,692,88.43,0,5,0,2006
IR Bell,ENG,25,24,1,612,81,26.6,786,77.86,0,3,1,2011
DR Martyn,AUS,26,24,5,611,74*,32.15,803,76.08,0,5,2,2004
CH Gayle,WI,21,20,3,611,85*,35.94,741,82.45,0,6,1,2007
RG Sharma,INDIA,16,16,5,611,95,55.54,739,82.67,0,6,0,2011
IJL Trott,ENG,14,14,4,611,109*,61.1,710,86.05,1,4,2,2013
G Kirsten,SA,20,20,2,610,112*,33.88,1033,59.05,1,3,0,1994
D Ganga,WI,20,20,0,610,71,30.5,1005,60.69,0,8,2,2001
Shoaib Malik,PAK,22,20,2,610,75,33.88,800,76.25,0,7,0,2005
V Sehwag,INDIA,24,23,0,608,97,26.43,708,85.87,0,5,1,2006
A Ranatunga,SL,25,23,6,607,75*,35.7,769,78.93,0,2,2,1996
Shakib Al Hasan,BDESH,23,23,4,607,134*,31.94,924,65.69,1,4,2,2007
Shoaib Malik,PAK,15,15,6,607,112,67.44,560,108.39,1,4,0,2015
Mohammad Shahzad,AFG,18,18,1,607,124,35.7,745,81.47,1,4,1,2018
GR Marsh,AUS,14,14,1,606,113,46.61,1081,56.05,2,3,1,1991
Asif Mujtaba,PAK,25,20,7,606,113*,46.61,887,68.32,1,3,1,1993
BA Young,NZ,27,27,2,606,65,24.24,1118,54.2,0,2,2,1994
CZ Harris,NZ,28,27,5,606,63*,27.54,978,61.96,0,3,3,2002
RS Mahanama,SL,22,22,2,605,92*,30.25,1148,52.7,0,4,1,1993
SK Raina,INDIA,27,21,5,605,68,37.81,596,101.51,0,5,3,2009
Shahid Afridi,PAK,27,27,2,604,69,24.16,732,82.51,0,3,3,2000
AG Prince,SA,26,23,8,604,89*,40.26,907,66.59,0,3,3,2005
RT Ponting,AUS,18,17,2,604,104,40.26,754,80.1,1,3,1,2011
Saleem Malik,PAK,20,20,3,603,91*,35.47,721,83.63,0,5,3,1990
RS Mahanama,SL,22,21,3,603,119*,33.5,921,65.47,2,2,1,1994
CK Kapugedera,SL,26,22,1,603,95,28.71,843,71.53,0,4,2,2008
Tamim Iqbal,BDESH,19,19,0,602,154,31.68,762,79,1,3,2,2009
Shahid Afridi,PAK,18,18,0,601,124,33.38,417,144.12,2,0,1,2010
MN Samuels,WI,15,15,2,601,133*,46.23,709,84.76,2,3,1,2015
MW Goodwin,ZIM,26,25,2,600,76*,26.08,892,67.26,0,2,0,1999
RD Jacobs,WI,33,28,3,600,80*,24,994,60.36,0,4,4,1999
Abdul Razzaq,PAK,30,26,8,600,76*,33.33,579,103.62,0,2,1,2003
GC Smith,SA,19,18,0,600,71,33.33,779,77.02,0,6,0,2003
Yuvraj Singh,INDIA,26,25,6,600,102*,31.57,782,76.72,1,3,2,2003
MS Dhoni,INDIA,18,17,4,600,101*,46.15,760,78.94,1,3,1,2010
AN Cook,ENG,15,15,2,600,119,46.15,644,93.16,1,5,1,2011
SD Hope,WI,22,19,1,600,81,33.33,892,67.26,0,4,1,2017
S Chanderpaul,WI,17,16,2,599,109*,42.78,852,70.3,1,3,1,1997
CJ Ferguson,AUS,25,22,9,599,71*,46.07,704,85.08,0,5,0,2009
Aamer Sohail,PAK,22,22,0,598,114,27.18,930,64.3,1,3,1,1992
JN Rhodes,SA,22,19,7,596,94*,49.66,688,86.62,0,4,1,1998
KS Williamson,NZ,14,14,0,596,100,42.57,699,85.26,1,5,0,2017
ME Waugh,AUS,23,23,1,595,116,27.04,933,63.77,1,3,2,2000
L Vincent,NZ,27,27,3,595,60*,24.79,968,61.46,0,3,2,2002
JH Kallis,SA,17,14,3,595,125*,54.09,798,74.56,2,3,1,2003
SG Law,AUS,25,23,2,593,72,28.23,732,81.01,0,4,2,1996
G Kirsten,SA,16,16,1,593,89,39.53,881,67.3,0,7,1,1997
JH Kallis,SA,12,12,2,593,104*,59.3,664,89.3,1,6,1,2010
MS Atapattu,SL,22,20,4,592,80,37,787,75.22,0,4,0,2006
AJ Strauss,ENG,20,20,1,592,78,31.15,774,76.48,0,6,2,2006
Mohammad Yousuf,PAK,17,15,5,592,108*,59.2,654,90.51,2,2,0,2008
MV Boucher,SA,37,25,6,591,68,31.1,805,73.41,0,6,1,2000
Javed Miandad,PAK,23,20,2,590,107,32.77,916,64.41,1,3,3,1993
HJH Marshall,NZ,25,23,4,590,84,31.05,821,71.86,0,6,2,2004
BRM Taylor,ZIM,17,17,3,590,118*,42.14,702,84.04,1,5,3,2009
CL Hooper,WI,29,25,7,589,69*,32.72,889,66.25,0,3,1,1993
NC Johnson,ZIM,18,18,1,589,97,34.64,919,64.09,0,5,1,2000
TLW Cooper,NL,10,10,1,589,101,65.44,826,71.3,1,5,0,2010
N Boje,SA,32,23,5,588,129,32.66,647,90.88,2,2,2,2000
Mohammad Yousuf,PAK,16,16,2,588,91*,42,889,66.14,0,3,0,2001
WJ Cronje,SA,27,25,4,587,82,27.95,647,90.72,0,4,2,1999
Ijaz Ahmed,PAK,20,20,3,587,137,34.52,801,73.28,1,3,2,1999
MP Vaughan,ENG,22,22,3,587,83,30.89,848,69.22,0,4,0,2003
MEK Hussey,AUS,20,14,10,587,88*,146.75,577,101.73,0,5,0,2005
BKG Mendis,SL,22,22,1,587,102,27.95,745,78.79,1,4,2,2017
MA Taylor,AUS,23,21,1,586,68*,29.3,948,61.81,0,5,0,1994
SR Waugh,AUS,24,21,1,586,71,29.3,703,83.35,0,4,3,1998
NJ Astle,NZ,12,12,2,586,118*,58.6,722,81.16,1,4,1,2006
OA Shah,ENG,21,18,3,586,72,39.06,649,90.29,0,5,3,2008
AM Rahane,INDIA,12,12,0,586,103,48.83,754,77.71,1,7,0,2017
CL Cairns,NZ,24,22,3,585,84*,30.78,681,85.9,0,2,0,2003
SO Tikolo,KENYA,15,15,2,585,111,45,658,88.9,1,4,1,2006
AD Mathews,SL,28,21,3,585,74*,32.5,725,80.68,0,4,2,2013
AT Rayudu,INDIA,20,18,5,584,121*,44.92,727,80.33,1,4,0,2014
RS Kaluwitharana,SL,22,21,2,583,102*,30.68,843,69.15,1,3,3,2001
MG Bevan,AUS,19,16,7,581,87*,64.55,731,79.48,0,4,0,2001
H Masakadza,ZIM,26,26,0,581,84,22.34,853,68.11,0,3,0,2018
Basit Ali,PAK,24,20,3,580,75*,34.11,818,70.9,0,6,2,1994
MEK Hussey,AUS,19,19,1,580,67,32.22,703,82.5,0,4,0,2012
CL Cairns,NZ,20,18,3,579,115,38.6,708,81.77,1,2,1,1999
JN Rhodes,SA,23,22,7,578,83*,38.53,661,87.44,0,4,1,1997
S Chanderpaul,WI,13,13,4,578,107*,64.22,771,74.96,1,5,0,2008
ST Jayasuriya,SL,18,17,0,578,130,34,542,106.64,2,2,2,2008
RG Sharma,INDIA,12,12,1,578,264,52.54,613,94.29,1,3,0,2014
F du Plessis,SA,15,14,2,578,111,48.16,590,97.96,1,4,1,2016
SP Fleming,NZ,25,22,3,577,85,30.36,841,68.6,0,5,1,2000
SR Waugh,AUS,23,20,6,577,114*,41.21,691,83.5,1,3,1,2000
HH Gibbs,SA,20,20,2,576,111,32,728,79.12,1,4,2,2000
T Taibu,ZIM,18,18,2,574,78,35.87,839,68.41,0,5,1,2010
JC Buttler,ENG,16,13,3,573,105,57.3,441,129.93,1,5,2,2016
AD Mathews,SL,15,14,5,573,111*,63.66,745,76.91,1,3,0,2017
A Ranatunga,SL,23,22,3,572,83*,30.1,718,79.66,0,4,0,1993
MA Taylor,AUS,16,16,0,572,81,35.75,1054,54.26,0,6,0,1993
KP Pietersen,ENG,19,18,0,571,78,31.72,637,89.63,0,3,1,2011
HDRL Thirimanne,SL,28,20,1,571,77,30.05,761,75.03,0,4,1,2012
Mohammad Yousuf,PAK,19,17,4,570,104*,43.84,772,73.83,1,3,0,1999
Ahmed Shehzad,PAK,17,17,0,570,95,33.52,752,75.79,0,4,1,2015
NJ Astle,NZ,21,20,1,569,120,29.94,743,76.58,2,2,1,1999
Kamran Akmal,PAK,21,20,3,569,124,33.47,624,91.18,3,0,0,2005
BKG Mendis,SL,17,16,1,569,94,37.93,622,91.47,0,7,1,2016
WJ Cronje,SA,16,15,3,568,83*,47.33,759,74.83,0,5,0,2000
T Taibu,ZIM,28,26,2,568,96*,23.66,955,59.47,0,2,4,2004
Junaid Siddique,BDESH,17,17,1,568,100,35.5,753,75.43,1,4,1,2010
Nasir Jamshed,PAK,23,23,0,568,106,24.69,922,61.6,1,2,2,2013
Aamer Sohail,PAK,19,19,2,566,97*,33.29,866,65.35,0,3,1,1998
A Ranatunga,SL,15,15,5,565,85*,56.5,703,80.36,0,5,0,1990
Salman Butt,PAK,20,20,0,565,101,28.25,782,72.25,1,2,2,2005
RS Mahanama,SL,17,16,3,564,107,43.38,919,61.37,1,5,2,1992
M Kaif,INDIA,22,20,5,564,80,37.6,719,78.44,0,4,0,2004
Shakib Al Hasan,BDESH,20,19,2,564,79,33.17,786,71.75,0,5,0,2011
RG Sharma,INDIA,10,10,1,564,171*,62.66,592,95.27,2,2,0,2016
CH Gayle,WI,17,17,0,563,132,33.11,635,88.66,2,2,3,2005
JP Duminy,SA,15,15,2,563,99,43.3,630,89.36,0,5,1,2011
ST Jayasuriya,SL,24,23,0,562,140,24.43,732,76.77,1,4,3,1994
G Kirsten,SA,18,18,1,561,103,33,739,75.91,1,3,3,1998
GC Smith,SA,21,21,1,561,119*,28.05,658,85.25,1,3,4,2006
LRPL Taylor,NZ,17,13,2,561,131*,51,662,84.74,2,2,0,2011
AJ Finch,AUS,16,15,1,561,135,40.07,635,88.34,1,4,2,2015
KM Jadhav,INDIA,25,18,4,561,120,40.07,505,111.08,1,3,1,2017
NJ Astle,NZ,22,22,0,560,120,25.45,812,68.96,2,2,3,1996
JN Rhodes,SA,25,21,5,560,121,35,721,77.66,1,2,0,1996
RR Watson,SCOT,17,17,1,560,123*,35,806,69.47,1,2,0,2007
AN Cook,ENG,16,16,0,560,78,35,745,75.16,0,5,1,2013
EJG Morgan,ENG,21,20,4,560,124*,35,614,91.2,1,2,1,2013
EJG Morgan,ENG,23,22,0,560,106,25.45,666,84.08,1,3,1,2014
MP Vaughan,ENG,21,20,2,557,90*,30.94,819,68,0,6,2,2004
CD McMillan,NZ,21,18,3,557,117,37.13,610,91.31,1,3,0,2007
JH Kallis,SA,14,14,4,557,121*,55.7,684,81.43,1,5,0,2008
DPMD Jayawardene,SL,21,19,2,557,107,32.76,684,81.43,1,2,0,2013
HH Pandya,INDIA,28,19,3,557,83,34.81,462,120.56,0,4,1,2017
HH Streak,ZIM,31,25,8,556,79*,32.7,690,80.57,0,3,1,2001
WTS Porterfield,IRE,18,18,2,555,112*,34.68,933,59.48,2,2,2,2007
Mohammad Hafeez,PAK,18,17,3,555,88,39.64,676,82.1,0,4,0,2017
DPMD Jayawardene,SL,21,20,2,554,128,30.77,777,71.29,1,2,1,2000
RB Richardson,WI,21,19,3,553,76*,34.56,935,59.14,0,5,0,1992
AJ Stewart,ENG,12,12,3,553,101,61.44,817,67.68,2,3,1,2000
ME Trescothick,ENG,22,22,3,553,104*,29.1,695,79.56,2,1,3,2005
CH Gayle,WI,15,15,1,553,135,39.5,470,117.65,1,2,2,2009
JN Rhodes,SA,25,23,5,551,69,30.61,698,78.93,0,4,1,2000
Sarfaraz Ahmed,PAK,22,18,2,551,101*,34.43,637,86.49,1,2,0,2015
Rahmat Shah,AFG,16,15,1,551,108*,39.35,786,70.1,1,5,1,2017
JDP Oram,NZ,23,16,5,549,101*,49.9,559,98.21,1,4,0,2007
IR Bell,ENG,11,11,1,549,126,54.9,664,82.68,1,4,0,2012
Rameez Raja,PAK,18,18,1,547,109*,32.17,864,63.31,1,3,2,1993
DD Ebrahim,ZIM,26,25,2,547,121,23.78,886,61.73,1,1,4,2001
GR Marsh,AUS,15,14,0,546,86,39,960,56.87,0,5,0,1990
OA Shah,ENG,19,18,0,546,98,30.33,719,75.93,0,3,1,2009
RR Sarwan,WI,17,15,1,546,75*,39,873,62.54,0,5,0,2011
MS Wade,AUS,25,24,0,546,75,22.75,793,68.85,0,4,2,2012
TWM Latham,NZ,15,15,1,546,104,39,644,84.78,2,3,3,2017
V Sibanda,ZIM,16,16,1,545,96,36.33,788,69.16,0,4,1,2007
HP Tillakaratne,SL,30,25,6,544,70*,28.63,1070,50.84,0,2,4,1996
Moin Khan,PAK,38,32,3,544,56*,18.75,677,80.35,0,1,4,2000
DA Miller,SA,24,24,7,544,85*,32,598,90.96,0,4,3,2013
L Vincent,NZ,14,13,1,542,172,45.16,505,107.32,1,3,1,2005
VVS Laxman,INDIA,16,15,1,541,101,38.64,736,73.5,1,4,1,2001
SM Pollock,SA,29,22,8,541,130,38.64,579,93.43,1,3,0,2007
SPD Smith,AUS,12,12,1,541,104,49.18,612,88.39,2,3,0,2014
AR Border,AUS,22,20,6,540,69*,38.57,766,70.49,0,2,0,1990
A Bagai,CAN,11,11,2,539,91*,59.88,756,71.29,0,6,0,2010
F du Plessis,SA,21,21,1,539,62*,26.95,682,79.03,0,3,0,2013
SK Raina,INDIA,17,16,2,539,100,38.5,470,114.68,1,3,1,2014
MD Gunathilaka,SL,15,15,0,539,116,35.93,649,83.05,1,4,1,2017
PA de Silva,SL,19,18,2,538,105,33.62,648,83.02,1,2,0,1992
Saleem Malik,PAK,19,18,0,538,64,29.88,721,74.61,0,5,1,1997
JH Kallis,SA,12,12,0,538,81,44.83,658,81.76,0,5,0,2009
Mushfiqur Rahim,BDESH,25,24,3,538,86,25.61,754,71.35,0,3,1,2010
JN Rhodes,SA,21,18,8,537,75*,53.7,555,96.75,0,4,0,2001
AD Hales,ENG,15,15,1,535,110,38.21,522,102.49,1,4,1,2017
GA Hick,ENG,15,15,1,534,104*,38.14,679,78.64,1,3,1,1996
CL Hooper,WI,20,18,1,534,72,31.41,732,72.95,0,2,0,2001
AD Mathews,SL,27,23,9,534,80*,38.14,579,92.22,0,4,3,2012
JM Bairstow,ENG,10,10,5,534,141*,106.8,533,100.18,2,3,0,2017
CS MacLeod,SCOT,11,11,2,534,157*,59.33,535,99.81,2,2,0,2018
JJ Roy,ENG,16,16,0,533,96,33.31,513,103.89,0,6,1,2017
DR Martyn,AUS,22,20,11,532,116*,59.11,655,81.22,1,3,0,2000
RG Sharma,INDIA,28,28,7,532,70*,25.33,733,72.57,0,3,2,2008
H Masakadza,ZIM,15,15,0,532,93,35.46,685,77.66,0,5,1,2014
S Chanderpaul,WI,14,12,3,531,112*,59,687,77.29,1,3,0,2009
AH Jones,NZ,18,18,2,530,78,33.12,991,53.48,0,4,1,1992
RP Arnold,SL,21,18,6,530,59*,44.16,649,81.66,0,4,0,2000
AP Gurusinha,SL,17,17,0,529,108,31.11,794,66.62,1,3,1,1995
KA Pollard,WI,21,19,1,528,119,29.33,472,111.86,1,3,3,2011
RR Singh,INDIA,29,26,3,527,51,22.91,850,62,0,2,1,2000
Mushfiqur Rahim,BDESH,20,20,4,527,101,32.93,786,67.04,1,3,2,2011
GJ Whittall,ZIM,21,21,4,526,83,30.94,641,82.05,0,3,1,1997
MS Dhoni,INDIA,16,14,6,524,113*,65.5,598,87.62,1,3,0,2012
MA Taylor,AUS,13,13,0,523,97,40.23,793,65.95,0,4,1,1995
Moin Khan,PAK,29,25,5,523,63,26.15,535,97.75,0,2,3,1999
CL Cairns,NZ,21,17,3,523,102*,37.35,600,87.16,1,2,1,2000
IR Bell,ENG,20,19,2,523,73,30.76,699,74.82,0,2,2,2008
WU Tharanga,SL,13,13,0,523,118,40.23,635,82.36,1,4,3,2009
AN Cook,ENG,20,20,1,523,56,27.52,734,71.25,0,1,0,2014
JN Mohammed,WI,22,19,1,523,91*,29.05,727,71.93,0,4,1,2017
M Azharuddin,INDIA,13,12,4,522,108,65.25,627,83.25,1,4,0,1990
M Prabhakar,INDIA,17,17,0,522,91,30.7,835,62.51,0,5,2,1993
NV Knight,ENG,12,12,3,522,84,58,780,66.92,0,5,0,2001
DPMD Jayawardene,SL,17,16,3,522,94*,40.15,631,82.72,0,5,0,2005
KR Rutherford,NZ,19,17,3,521,65*,37.21,808,64.48,0,4,0,1992
RA Smith,ENG,11,11,1,521,167*,52.1,753,69.18,2,1,0,1993
DS Lehmann,AUS,15,14,5,520,119,57.77,618,84.14,1,1,2,2002
Abdul Razzaq,PAK,26,23,3,520,88,26,586,88.73,0,3,3,2005
PD Collingwood,ENG,18,17,2,520,93,34.66,684,76.02,0,4,2,2006
AD Mathews,SL,13,12,1,520,95,47.27,625,83.2,0,5,1,2016
JH Kallis,SA,15,15,2,519,82,39.92,770,67.4,0,5,0,1997
Aftab Ahmed,BDESH,23,23,0,519,92,22.56,631,82.25,0,2,1,2007
MS Wade,AUS,29,23,3,518,76,25.9,544,95.22,0,3,1,2016
TM Head,AUS,15,13,2,518,128,47.09,567,91.35,1,3,0,2017
DJ Cullinan,SA,21,20,1,517,94,27.21,781,66.19,0,3,1,1999
Mohammad Shahzad,AFG,12,12,1,517,118,47,554,93.32,2,3,1,2010
SK Raina,INDIA,20,17,1,517,110*,32.31,520,99.42,1,4,2,2015
GA Hick,ENG,21,20,4,516,87*,32.25,689,74.89,0,5,3,2000
CL Hooper,WI,19,16,5,516,112*,46.9,563,91.65,1,1,0,2002
D Ramdin,WI,13,11,2,516,169,57.33,503,102.58,2,2,0,2014
Shoaib Malik,PAK,17,15,6,516,101*,57.33,549,93.98,1,3,0,2017
S Chanderpaul,WI,18,18,0,515,80,28.61,922,55.85,0,5,0,1996
SP Fleming,NZ,16,16,2,514,78*,36.71,637,80.69,0,4,1,1995
KJ O'Brien,IRE,18,18,1,514,142,30.23,658,78.11,1,2,0,2007
AJ Finch,AUS,18,17,0,514,148,30.23,558,92.11,1,2,1,2013
CL Hooper,WI,10,10,2,513,111,64.12,539,95.17,1,5,0,1994
AJ Strauss,ENG,14,14,0,513,158,36.64,574,89.37,1,3,2,2011
SR Tendulkar,INDIA,11,11,0,513,120,46.63,579,88.6,2,2,0,2011
L Vincent,NZ,15,15,1,512,101,36.57,655,78.16,1,4,3,2007
E Lewis,WI,20,17,1,512,176*,32,618,82.84,1,1,1,2017
Q de Kock,SA,17,17,1,511,109,31.93,549,93.07,2,1,1,2015
HM Amla,SA,14,14,1,511,127,39.3,575,88.86,2,2,1,2016
AJ Stewart,ENG,18,15,1,510,103,36.42,725,70.34,1,4,2,1992
RT Ponting,AUS,14,14,0,510,115,36.42,618,82.52,1,3,3,2000
L Klusener,SA,27,21,8,510,83,39.23,560,91.07,0,3,1,2002
LRPL Taylor,NZ,13,13,2,510,107*,46.36,654,77.98,2,3,1,2013
MS Sinclair,NZ,16,16,1,509,118*,33.93,788,64.59,2,2,1,2001
Mohammad Ashraful,BDESH,22,21,3,509,87,28.27,625,81.44,0,3,0,2007
RV Uthappa,INDIA,22,20,3,509,70,29.94,457,111.37,0,3,2,2007
Kamran Akmal,PAK,20,19,2,509,116*,29.94,591,86.12,1,2,1,2009
DPMD Jayawardene,SL,15,15,3,509,108,42.41,637,79.9,1,4,1,2010
IR Bell,ENG,11,11,2,509,141,56.55,578,88.06,1,4,1,2015
Babar Azam,PAK,18,17,3,509,106*,36.35,627,81.18,1,2,2,2018
CL Cairns,NZ,20,20,1,507,71,26.68,635,79.84,0,2,0,1996
WW Hinds,WI,23,20,1,507,93,26.68,646,78.48,0,3,1,2002
GD Elliott,NZ,21,17,5,507,115,42.25,655,77.4,1,2,2,2009
EJG Morgan,IRE,17,17,6,507,84*,46.09,595,85.21,0,5,1,2009
Mahmudullah,BDESH,24,22,6,507,64*,31.68,732,69.26,0,2,1,2010
NH Fairbrother,ENG,15,13,3,506,75*,50.6,660,76.66,0,5,0,1992
MDKJ Perera,SL,22,22,0,506,106,23,605,83.63,1,2,6,2014
Mahmudullah,BDESH,15,14,1,506,128*,38.92,647,78.2,2,3,1,2015
RP Arnold,SL,14,14,3,505,103,45.9,694,72.76,1,2,0,1999
AD Mathews,SL,26,21,6,505,62,33.66,634,79.65,0,2,2,2011
ND McKenzie,SA,17,13,5,504,131*,63,673,74.88,1,2,1,2001
RG Sharma,INDIA,15,14,1,504,114,38.76,586,86,2,1,2,2010
Inzamam-ul-Haq,PAK,25,23,3,503,67,25.15,655,76.79,0,2,0,1996
GC Smith,SA,13,13,0,502,141,38.61,521,96.35,1,4,0,2009
JR Hopes,AUS,31,24,4,501,63*,25.05,574,87.28,0,1,0,2009
JA Rudolph,SA,17,15,3,500,81,41.66,771,64.85,0,3,0,2003
SK Raina,INDIA,26,22,4,500,81*,27.77,718,69.63,0,3,1,2006
V Sibanda,ZIM,15,15,1,500,116,35.71,738,67.75,1,3,1,2006
PD Collingwood,ENG,16,16,2,500,95,35.71,709,70.52,0,2,0,2010
